{

    "c++10": "What is the output of std:: cout << (10 / 4);",
        "c++1": "2",
    "c++20": "What is printed by std:cout << (true && false);",
        "c++2": "0",
    "c++30": "++i increments before use. True or False?",
        "c++3": "true",
    "c++40": "What is the size of char in C++? Answer in 1 megabyte, 10 megabytes, 1 gigabytes...",
        "c++4": "1 byte",
    "c++50": "std::vector<int> v = {1, 2, 3}; v.push_back(4); removes 4 from the end of the vector. True or False?",
        "c++5": "false"

}