{

    "c++10": "What is the output of int x = 5; std::cout << x++ + ++x; / Start by capitalizing for the correct answer!",
        "c++1": "Undefined behavior",
    "c++20": "A class enables safe deletion if it has a virtual destructor. True or False?",
        "c++2": "true",
    "c++30": "std::move is disabling move semantics. True or False?",
        "c++3": "false",
    "c++40": "What is the output of: const int x 10; const int* p = &x; //*p = 20;",
        "c++4": "Compiilation error",
    "c++50": "Undefined behavior isn't something that shows when you delete a pointer twice. True or False?",
        "c++5": "false"

}