{

    "c++10": "What is the output of std::cout <<3 + 3 * 2;",
        "c++1": "11",
    "c++20": "What header is required for std::string ?",
        "c++2": "#include <string>",
    "c++30": "What is the correct way to declare a pointer to an int?",
        "c++3": "int* p;",
    "c++40": "What does return 0; inside main() indicate? Careful with grammar!",
        "c++4": "Program ended successfully",
    "c++50": "What is the index of the first element in a C++ array?",
        "c++5": "0"

}