{

    "javascript10": "How do you declare a variable, x with the value 10 ?",
        "javascript1": "let x = 10;",
    "javascript20": "How do you make an array of numbers [1, 2, 3] ?",
        "javascript2": "let arr = [1, 2, 3];",
    "javascript30": "How do you remove the last element from [1, 2, 3, 4] ?",
        "javascript3": "[1, 2, 3, 4].pop();",
    "javascript40": "What is the output of console.log(2 + 3 * 2); ?",
        "javascript4": "8",
    "javascript50": "What will this code print? console.log(typeof 42);",
        "javascript5": "number"

}