{


    "javascript10": "True or False: 0.1 + 0.2 === 0.3",
        "javascript1": "false",
    "javascript20": "Write the output: [1, 2, 3].map(parseInt) // be careful with syntax and grammar.",
        "javascript2": "[1, NaN, NaN]",
    "javascript30": "True or False: (async () => 5)() instanceof Promise",
        "javascript3": "true",
    "javascript40": "True or False: Object.is(+0, -0)",
        "javascript4": "false",
    "javascript50": "Write the output: [] == ![]",
        "javascript5": "true"

}