{

    "javascript10": "What will this code print? : console.log(Math.max(3, 7, 2));",
        "javascript1": "7",
    "javascript20": "What will the console output? : console.log([1, 2, 3].includes(2));",
        "javascript2": "true",
    "javascript30": "What will the output be? console.log(typeof NaN);",
        "javascript3": "number",
    "javascript40": "What does typeof null return?",
        "javascript4": "object",
    "javascript50": "What is the result of Array.from({length:3},(_,i)=>i*i);",
        "javascript5": "[0, 1, 4]"
     
}