{

    "python10": "Get the length of the list [3, 7, 1, 9] in one line.",
        "python1": "length = len([3, 7, 1, 9)]",
    "python20": "Make all letters of hello uppercase.",
        "python2": "upper = hello.upper()",
    "python30": "Check if 5 is in the list: [1, 3, 5, 7]",
        "python3": "exists = 5 in [1, 3, 5, 7]",
    "python40": "Print numbers from 0 to 4 using  a one-line list comprehension",
        "python4": "[print(i) for 1 i in range(5)]",
    "python50": "Get unique elements from [1, 2, 2, 3, 3, 3]",
        "python5": "unique = list(set[1, 2, 2, 3, 3, 3]))"
    
}