{

    "python10": "What is the output of this code? x = [1, 2, 3]; y = x; y.append(4); print(x)",
        "python1": "[1, 2, 3, 4]",
    "python20": "How can you swap two variables a and b in one line?",
        "python2": "a, b = b, a",
    "python30": "With what command do you get external libraries in your command?",
        "python3": "import",
    "python40": "Make a new class: TestClass",
        "python4": "class TestClass",
    "python50": "How do you exit a program safely by sys?",
        "python5": "sys.exit()"

}